id,query
1,donald trump
2,waseda university
3,artificial intelligence
4,climate change
5,quantum computing
6,global economy
7,renewable energy
8,deep learning
9,space exploration
10,blockchain technology
11,virtual reality
12,genetic engineering
13,cyber security
14,stock
15,quantitative easing
16,cloud computing
17,autonomous vehicles
18,cryptocurrency
19,augmented reality
20,remote work
21,5g technology
22,carbon footprint
23,smart cities
24,renewable resources
25,solar power
26,wind energy
27,quantum mechanics
28,artificial neural network
29,robotics
30,green technology
31,online education
32,telemedicine
33,climate policy
34,plastic pollution
35,global warming
36,renewable materials
37,hydrogen fuel
38,urbanization
39,food security
40,agricultural technology
41,mental health
42,blockchain security
43,privacy protection
44,facial recognition
45,cloud storage
46,edge computing
47,smart home
48,wearable devices
49,biotechnology
50,stem education
51,quantum encryption
52,space tourism
53,exoplanet discovery
54,solar system
55,genome editing
56,precision medicine
57,telecommunication
58,wireless charging
59,energy efficiency
60,carbon capture
61,plastic recycling
62,marine biology
63,ecosystem services
64,artificial photosynthesis
65,virtual assistant
66,voice recognition
67,language processing
68,computer vision
69,autonomous drones
70,smart agriculture
71,urban farming
72,vertical farming
73,food waste
74,water scarcity
75,desalination technology
76,renewable plastics
77,biodegradable materials
78,smart grid
79,energy storage
80,solar battery
81,wind turbine
82,tidal energy
83,geothermal power
84,carbon neutrality
85,net zero emissions
86,climate adaptation
87,disaster resilience
88,early warning system
89,earth observation
90,remote sensing
91,quantum supremacy
92,blockchain application
93,fintech innovation
94,open banking
95,digital currency
96,contactless payment
97,online privacy
98,data protection
99,information security
